<component name="ProjectRunConfigurationManager">
  <configuration default="false" name="RunApplication" type="QuarkusRunConfigurationType" factoryName="Quarkus">
    <module name="vertx-quarkus-reactive" />
    <QsMavenRunConfiguration>
      <MavenSettings>
        <option name="myGeneralSettings" />
        <option name="myRunnerSettings" />
        <option name="myRunnerParameters">
          <MavenRunnerParameters>
            <option name="profiles">
              <set />
            </option>
            <option name="goals">
              <list>
                <option value="quarkus:dev" />
              </list>
            </option>
            <option name="pomFileName" value="pom.xml" />
            <option name="profilesMap">
              <map />
            </option>
            <option name="resolveToWorkspace" value="false" />
            <option name="workingDirPath" value="$PROJECT_DIR$" />
          </MavenRunnerParameters>
        </option>
      </MavenSettings>
      <targetMavenLocalRepo />
    </QsMavenRunConfiguration>
    <method v="2">
      <option name="Make" enabled="true" />
    </method>
  </configuration>
</component>