<?xml version="1.0" encoding="UTF-8"?>
<Configuration status="INFO">
  <Appenders>
    <Console name="Console" target="SYSTEM_OUT">
      <PatternLayout pattern="%d{HH:mm:ss.SSS} [%t] %-5level %logger{36} - %msg%n"/>
    </Console>
  </Appenders>
  <Loggers>
    <Root level="error">
      <AppenderRef ref="Console"/>
    </Root>
    <Logger name="com.danielprinz" level="DEBUG" />
    <Logger name="io.netty" level="WARN" />
    <Logger name="io.vertx" level="INFO" />
  </Loggers>
</Configuration>
